Title,Link
How to submit a DAO Proposal,https://forum.arbitrum.foundation/t/how-to-submit-a-dao-proposal/13494
Writing Your First Proposal to the ArbitrumDAO,https://forum.arbitrum.foundation/t/writing-your-first-proposal-to-the-arbitrumdao/21366
Support to Establish GrantsDAOs,https://forum.arbitrum.foundation/t/support-to-establish-grantsdaos/19908
About the Proposals category,https://forum.arbitrum.foundation/t/about-the-proposals-category/19
Improving Predictability in Arbitrum DAO’s Operations,https://forum.arbitrum.foundation/t/improving-predictability-in-arbitrum-dao-s-operations/25136
Adjusting Arbitrum’s Gas Fees,https://forum.arbitrum.foundation/t/adjusting-arbitrum-s-gas-fees/25002
ARB Staking: Use Surplus Fees to Align Governance,https://forum.arbitrum.foundation/t/arb-staking-use-surplus-fees-to-align-governance/25084
Jumpstart fund for DAO improvement,https://forum.arbitrum.foundation/t/jumpstart-fund-for-dao-improvement/25557
[Non-Constitutional] Pilot Phase: Arbitrum Venture Initiative,https://forum.arbitrum.foundation/t/non-constitutional-pilot-phase-arbitrum-venture-initiative/24247
Strategic Treasury Management on Arbitrum,https://forum.arbitrum.foundation/t/strategic-treasury-management-on-arbitrum/25301
Proposal: Recruiting & Talent Solutions for the DAO,https://forum.arbitrum.foundation/t/proposal-recruiting-talent-solutions-for-the-dao/24964
Entropy Advisors: Exclusively Working With Arbitrum DAO,https://forum.arbitrum.foundation/t/entropy-advisors-exclusively-working-with-arbitrum-dao/25246
[Non-constitutional] Subsidy Fund for Security Services,https://forum.arbitrum.foundation/t/non-constitutional-subsidy-fund-for-security-services/22958
"Constitutional AIP: Proposal to adopt Timeboost, a new transaction ordering policy",https://forum.arbitrum.foundation/t/constitutional-aip-proposal-to-adopt-timeboost-a-new-transaction-ordering-policy/25167
Fees sharing with decentralized sequencer using $arb staking,https://forum.arbitrum.foundation/t/fees-sharing-with-decentralized-sequencer-using-arb-staking/19967
Proposal: Allow access to L1 block hash,https://forum.arbitrum.foundation/t/proposal-allow-access-to-l1-block-hash/15925
Pilot Phase: M&A for Arbitrum DAO,https://forum.arbitrum.foundation/t/pilot-phase-m-a-for-arbitrum-dao/23588
Proposal: Request to match my donation to boostrap Curve Lending on Arbitrum,https://forum.arbitrum.foundation/t/proposal-request-to-match-my-donation-to-boostrap-curve-lending-on-arbitrum/22975
[RFC] Arbitrum Multi-sig Support Service (MSS),https://forum.arbitrum.foundation/t/rfc-arbitrum-multi-sig-support-service-mss/23737
AIP: Activate Stylus and Enable Next-Gen WebAssembly Smart Contracts (ArbOS 30),https://forum.arbitrum.foundation/t/aip-activate-stylus-and-enable-next-gen-webassembly-smart-contracts-arbos-30/22970
[Non-Constitutional] Pilot Stage: Treasury Backed Vaults research and development,https://forum.arbitrum.foundation/t/non-constitutional-pilot-stage-treasury-backed-vaults-research-and-development/24692
AIP: Nova Fee Router Proposal (ArbOS 30),https://forum.arbitrum.foundation/t/aip-nova-fee-router-proposal-arbos-30/23310
Betting on Builders: Infinite Launchpad Proposal,https://forum.arbitrum.foundation/t/betting-on-builders-infinite-launchpad-proposal/24665
[Non-Constitutional] ArbitrumHub Evolution: The Next Step in Streamlining Information Access and Raising Awareness for Arbitrum DAO,https://forum.arbitrum.foundation/t/non-constitutional-arbitrumhub-evolution-the-next-step-in-streamlining-information-access-and-raising-awareness-for-arbitrum-dao/24857
Arbitrum's Memecoin Fund,https://forum.arbitrum.foundation/t/arbitrums-memecoin-fund/22743
Temperature Check: Change Arbitrum Expansion Program to allow deployments of new Orbit chains on any blockchain,https://forum.arbitrum.foundation/t/temperature-check-change-arbitrum-expansion-program-to-allow-deployments-of-new-orbit-chains-on-any-blockchain/23280
Proposal: [Non-Constitutional] RnDAO proposal for an Arbitrum Collab Tech Business Cluster,https://forum.arbitrum.foundation/t/proposal-non-constitutional-rndao-proposal-for-an-arbitrum-collab-tech-business-cluster/21339
Kwenta x Perennial: Arbitrum Onboarding Incentives (UPDATED),https://forum.arbitrum.foundation/t/kwenta-x-perennial-arbitrum-onboarding-incentives-updated/22736
AIP: Funds to bootstrap the first BoLD validator,https://forum.arbitrum.foundation/t/aip-funds-to-bootstrap-the-first-bold-validator/24506
Proposal: Grant Request for Koryntia - Pioneering the Next Generation of DeFi Lending,https://forum.arbitrum.foundation/t/proposal-grant-request-for-koryntia-pioneering-the-next-generation-of-defi-lending/24693
